source,avg_cosine_to_legit
gen,0.007688724335477925
gen,0.03557242420341775
orig,0.0
gen,0.03534905240963313
orig,0.0013690353020950256
orig,0.0013523126355237847
orig,0.0012817235248334775
gen,0.027409588950784446
orig,0.008136731046304035
orig,0.0074857122722459864
orig,0.0
gen,0.010234102604684337
orig,0.007220072550831742
gen,0.03802379401547272
orig,0.0
orig,0.00797746179663902
gen,0.02884371093495378
orig,0.0
orig,0.0
orig,0.008136731046304035
orig,0.0
orig,0.0
orig,0.0012658720382182384
gen,0.0
gen,0.0171712994796151
orig,0.001399189364392878
gen,0.003642990495031314
gen,0.037019060882998486
orig,0.0
orig,0.0074857122722459864
orig,0.008435969970645305
orig,0.0
orig,0.0
orig,0.0
gen,0.02812253864398858
orig,0.001430801163153159
gen,0.014053934888972495
gen,0.02839876403536317
orig,0.0
orig,0.0014387466196246464
gen,0.03339241733321743
gen,0.0034091788889630188
gen,0.042278259964854494
gen,0.0
orig,0.0
orig,0.00869765778922983
gen,0.03406617969474255
orig,0.0
orig,0.0014052296761349252
gen,0.0012686126388596884
gen,0.03526629544646041
orig,0.001255938656759212
orig,0.0
gen,0.03215104750003624
gen,0.03521206678734059
orig,0.0012382815264606144
orig,0.0
gen,0.03548634523671748
orig,0.0
gen,0.0174054580634687
orig,0.0
gen,0.028428945887000318
orig,0.0014347323344592576
orig,0.0
gen,0.03328637065423525
gen,0.02745960811468965
gen,0.03602520984001408
gen,0.034078692767857646
gen,0.02578195041946866
gen,0.03612496450543358
orig,0.0
orig,0.0
gen,0.035403759109055986
gen,0.03377581551627852
orig,0.0
gen,0.028169091473852523
gen,0.0
orig,0.0012382815264606144
gen,0.03550207053347803
gen,0.007487188886029565
orig,0.0
gen,0.0397044398780824
orig,0.001296739318387419
gen,0.04503192198877566
gen,0.008769506294437018
gen,0.02332730919019443
orig,0.0012382815264606144
orig,0.0012382815264606144
gen,0.04245312257718377
orig,0.0
orig,0.0
gen,0.034405266212038814
gen,0.03716597639473233
gen,0.036314397469315904
orig,0.0
gen,0.005806258794525906
orig,0.0
gen,0.026964577529290847
orig,0.0
orig,0.008136731046304035
orig,0.0
gen,0.03278158048090692
orig,0.0
gen,0.03618188791696194
orig,0.0
orig,0.0
orig,0.007220072550831742
gen,0.001336184620114205
orig,0.0
gen,0.032631277495374374
gen,0.0
gen,0.034168723055487994
orig,0.0
gen,0.024996781402825158
gen,0.0
gen,0.04169182385823838
gen,0.02784016729659134
orig,0.0
orig,0.0013759939715301801
orig,0.0
gen,0.03138452741150797
gen,0.03283580507291136
gen,0.008013486797894685
orig,0.0
orig,0.0
gen,0.02616800526860291
orig,0.001255938656759212
gen,0.03018988245988904
orig,0.0
orig,0.0
orig,0.0
gen,0.036116065255008954
gen,0.037854008754057804
gen,0.02932918035244257
orig,0.008136731046304035
orig,0.0013737385936678887
orig,0.001296739318387419
orig,0.0012518057771857556
gen,0.03452226206116194
gen,0.0
gen,0.031943537125988616
gen,0.027486883703803366
gen,0.03262248578749313
orig,0.0012658720382182384
orig,0.0
gen,0.03489092491221357
orig,0.008629514873721931
gen,0.032940189951097994
orig,0.001255938656759212
orig,0.0012382815264606144
gen,0.03408507386311004
orig,0.0
gen,0.039648459981115776
orig,0.0
orig,0.0
orig,0.0
gen,0.006540496193761169
gen,0.04823130578850707
orig,0.0
orig,0.0
orig,0.0
gen,0.0
orig,0.008136731046304035
gen,0.02842109739528665
gen,0.001219108525226006
orig,0.0
orig,0.0
orig,0.0013587974191217598
gen,0.01686806487443638
gen,0.03024984166636269
gen,0.036745298518533365
orig,0.0
gen,0.00763065040080134
gen,0.030638867679658264
orig,0.008305247559628241
gen,0.04018959702293852
gen,0.03253817326583207
gen,0.03474365378259192
gen,0.033769889099632994
orig,0.008715799360048074
gen,0.0
gen,0.0012744636835940516
orig,0.0012658720382182384
orig,0.0013753806109062581
orig,0.0012817235248334775
gen,0.0012172168950235886
orig,0.0
orig,0.0
gen,0.041273262123772275
orig,0.001438065537755822
gen,0.03565788832326695
orig,0.0
orig,0.0
gen,0.03464288008857305
gen,0.027734028008632006
gen,0.034350442552083936
orig,0.0
orig,0.0
gen,0.00793003929047201
gen,0.0
orig,0.0012658720382182384
gen,0.04075041111541221
gen,0.0012298870515701937
orig,0.0
gen,0.0295748138002991
orig,0.008136731046304035
gen,0.02815807790052926
orig,0.008768447900374668
gen,0.03145880243437357
orig,0.0012382815264606144
gen,0.03653375191657224
gen,0.007102392780632348
gen,0.017531670286880303
gen,0.013937386624874383
orig,0.00797746179663902
orig,0.0
gen,0.029002539753648082
gen,0.02889376448869413
orig,0.0
gen,0.031063722745088007
gen,0.04141815743595103
orig,0.001309011955016431
gen,0.027441014400609507
orig,0.0
orig,0.008136731046304035
orig,0.0
gen,0.0
orig,0.008136731046304035
orig,0.0
gen,0.03885686797649753
orig,0.0012803313078591464
orig,0.0014299595475655595
orig,0.008136731046304035
orig,0.001309352163802278
gen,0.03584397992613202
orig,0.0
gen,0.03922098484459616
gen,0.035591044041099425
orig,0.0
gen,0.033536755327821785
orig,0.0
orig,0.0
orig,0.008401639700694357
orig,0.001399469676624938
orig,0.0
orig,0.0
orig,0.008772495235830829
orig,0.001309011955016431
gen,0.03310659446201429
orig,0.0
orig,0.0013648867448793392
orig,0.0
gen,0.033629196513426864
gen,0.040148412151253705
orig,0.0014494359972620288
orig,0.0
gen,0.031154635424877522
gen,0.03926933222814075
orig,0.008400351763461524
gen,0.00126554394004837
gen,0.007527294017958682
orig,0.0
gen,0.0
orig,0.0
gen,0.00886629816450237
orig,0.008850677118676846
orig,0.0012658720382182384
gen,0.028301317276888935
orig,0.0
orig,0.008136731046304035
gen,0.034481527097459864
orig,0.0013302805227471814
gen,0.0059286221554023695
orig,0.0
gen,0.04197076454978229
gen,0.0066946818340171054
gen,0.02931319257895241
gen,0.04383706114424621
orig,0.0074857122722459864
gen,0.029679563478330274
gen,0.0011901515521491855
orig,0.001255938656759212
orig,0.0
gen,0.018884656469345347
orig,0.0
gen,0.03349089376712421
orig,0.0012382815264606144
orig,0.00876405533030643
orig,0.00797746179663902
orig,0.0
orig,0.0074857122722459864
gen,0.009855764088816478
gen,0.03725510900974259
orig,0.007220072550831742
gen,0.020434607553965756
gen,0.024182723599499946
orig,0.0
orig,0.0074857122722459864
orig,0.008136731046304035
gen,0.0
orig,0.001255938656759212
orig,0.0
orig,0.0
orig,0.0013999777808391236
orig,0.0012700564063329411
orig,0.0
gen,0.03461178166261525
gen,0.030643486070914244
orig,0.0
gen,0.02840369045046424
orig,0.0012382815264606144
gen,0.0
orig,0.0
gen,0.041117767890429834
orig,0.0
orig,0.001255938656759212
orig,0.001366274116044685
gen,0.0
gen,0.029200609462295694
gen,0.03238979513004897
gen,0.006224105863182652
orig,0.0
gen,0.007690142532411395
orig,0.0013859447175082248
orig,0.0013679184816039267
orig,0.0
gen,0.03407773605073454
gen,0.03620948444747664
orig,0.001255938656759212
gen,0.03345149293707516
orig,0.0012817235248334775
orig,0.0012518057771857554
orig,0.001398245913807734
orig,0.0013357573172018005
gen,0.03541784911003844
gen,0.0
orig,0.008978591106632803
orig,0.008931607186626443
gen,0.047004778439040225
gen,0.02595087482143624
orig,0.0
orig,0.008859655247487613
orig,0.0
orig,0.0
gen,0.028426650910773676
gen,0.035556480119343904
gen,0.001365283463182761
gen,0.04132583507264877
orig,0.0013033549060542248
gen,0.035574457819325174
gen,0.0
gen,0.03450733617413259
gen,0.009190829756418509
gen,0.04705720231614133
gen,0.02621280044503184
orig,0.0
gen,0.039472273773364715
orig,0.0
orig,0.0014309485534018751
orig,0.001255938656759212
orig,0.00797746179663902
orig,0.0
gen,0.03049811928364744
orig,0.0
gen,0.044504064714852735
orig,0.001398245913807734
orig,0.008357829217978119
gen,0.017531670286880303
orig,0.0
gen,0.031764131485618324
orig,0.0014355824104251014
orig,0.008578656707691694
orig,0.008873379419876617
orig,0.0
orig,0.00797746179663902
gen,0.006224585455376391
gen,0.031118307585745037
orig,0.0
orig,0.0
gen,0.03515592345745882
orig,0.0
orig,0.0012817235248334775
orig,0.0
gen,0.02774188729485352
orig,0.0012817235248334775
gen,0.0012442236959832233
orig,0.0
gen,0.031368556422503024
gen,0.03133584727329656
orig,0.0014119679754133155
orig,0.0012658720382182384
orig,0.0
orig,0.0013722716858815198
gen,0.02873235765001325
orig,0.0012803313078591464
gen,0.03720491551416079
gen,0.03776177626392182
orig,0.0
orig,0.001255938656759212
gen,0.010736764717505513
orig,0.008458296320759517
gen,0.02020054427163989
gen,0.03778995333959216
orig,0.0074857122722459864
gen,0.010234102604684337
orig,0.0
orig,0.0013737385936678887
orig,0.0
gen,0.008916538185293576
gen,0.04168758781192026
gen,0.007773165537311821
orig,0.0
gen,0.034343455853215306
orig,0.0014421497147297515
orig,0.008931607186626443
gen,0.03196358957548304
gen,0.027082321441349085
orig,0.0014300822734776221
orig,0.001399469676624938
orig,0.008837049572285639
gen,0.03208653638205428
gen,0.03719526809447822
orig,0.008925457745493099
gen,0.030953661161100782
gen,0.005359561471397916
gen,0.027805152802089374
gen,0.039472171025868724
gen,0.04437972823933831
orig,0.0074857122722459864
gen,0.029302303999569727
orig,0.00883818302272888
orig,0.01431644190293343
gen,0.03595529328283493
orig,0.007220072550831742
orig,0.0
orig,0.0013795157029985578
orig,0.0
orig,0.001339544252297824
gen,0.04114114332348168
orig,0.00797746179663902
gen,0.04249744223736455
gen,0.038614025318969195
orig,0.0012658720382182384
gen,0.02733614631463093
orig,0.0
gen,0.03858773465475837
orig,0.0074857122722459864
gen,0.030004020975333036
gen,0.00763065040080134
orig,0.0
orig,0.007220072550831742
orig,0.0012658720382182384
orig,0.008715799360048074
orig,0.007220072550831742
gen,0.03298291420871007
orig,0.008357829217978119
orig,0.008656216984816462
gen,0.007688724335477925
orig,0.0012382815264606144
gen,0.013034255205346318
orig,0.0013357573172018005
orig,0.0013874002177501018
orig,0.001380031945674238
gen,0.0033011673084238488
gen,0.036629617720610526
gen,0.03198596211267577
orig,0.0
gen,0.04467278987174902
gen,0.03555771915934227
gen,0.03605843202151438
gen,0.029152838362502386
gen,0.025325436095092173
orig,0.0
orig,0.0
orig,0.0
gen,0.028023040380203337
gen,0.04178955541021807
gen,0.03419706115607941
orig,0.0013522880618334243
orig,0.0
gen,0.015092925598292463
orig,0.008841074118924874
orig,0.0013822308757437329
orig,0.0012382815264606144
gen,0.03943134129864171
orig,0.0012817235248334775
gen,0.028041930502589636
gen,0.030716567263813856
gen,0.03039024984274868
gen,0.02986208255254089
gen,0.00800361601369035
orig,0.008401639700694357
gen,0.008769506294437018
orig,0.001255938656759212
gen,0.024876622925716664
gen,0.03402305028477379
orig,0.0
orig,0.0
orig,0.0
orig,0.00877643218851101
orig,0.0
orig,0.00797746179663902
orig,0.0
gen,0.033633958962647474
orig,0.008850677118676846
gen,0.027295681496925857
orig,0.0013623250803650893
gen,0.018031800938078914
orig,0.0
gen,0.026933430833953567
orig,0.008715799360048074
orig,0.008896875676105608
gen,0.005888895956694974
gen,0.016722753823843237
orig,0.0012658720382182384
gen,0.00532801395104411
gen,0.0316973993640219
gen,0.031435089723443874
orig,0.0
gen,0.03478062588917743
gen,0.0
gen,0.006400022464742004
gen,0.03595279371573644
gen,0.018967059664643075
orig,0.001417419452423747
gen,0.0012880765796759255
gen,0.040172032776012445
orig,0.0012658720382182384
gen,0.0
gen,0.0347350819769874
gen,0.04142427970013282
orig,0.0
gen,0.034888932853577075
orig,0.0
orig,0.007220072550831742
gen,0.04059297729881594
orig,0.0
orig,0.0
gen,0.02788173112613617
orig,0.0012658720382182384
orig,0.0014413131276933653
gen,0.02813442874425733
orig,0.008806909635056185
orig,0.008772495235830829
gen,0.03554880075728287
orig,0.008810893124687396
gen,0.0390041829859042
gen,0.032261430630035136
gen,0.024780024132178096
orig,0.001296739318387419
gen,0.02721453048971014
orig,0.0
gen,0.03532124352905668
gen,0.0
orig,0.008850677118676846
gen,0.03450823541775391
orig,0.0
gen,0.0012658720382182384
gen,0.03367864493973771
orig,0.008869795261426687
orig,0.0
orig,0.0012612481718299177
gen,0.03488909740035885
orig,0.0
gen,0.04360211051952388
gen,0.03426508745076412
orig,0.0012658720382182384
gen,0.012530766269176354
gen,0.02811387240438392
orig,0.0012803313078591464
orig,0.001417419452423747
gen,0.031633037897262836
orig,0.0
gen,0.0012431351712830273
gen,0.037862348573112534
gen,0.0
gen,0.037056574067878885
orig,0.0
gen,0.03017623327042083
gen,0.0013177383441515301
orig,0.0
orig,0.0
orig,0.0
gen,0.03367241428694949
gen,0.0070910736999443376
orig,0.0
orig,0.0
orig,0.0012382815264606144
gen,0.03105643006054982
orig,0.008715799360048074
orig,0.0013587423831594146
orig,0.0012658720382182384
gen,0.02925055334538945
orig,0.00797746179663902
orig,0.0
gen,0.03405656260838618
orig,0.0014067805013407405
orig,0.0
orig,0.008136731046304035
orig,0.0
orig,0.001380736624379177
gen,0.03128359056310494
orig,0.0
orig,0.0
orig,0.0
gen,0.030150340255266445
gen,0.005888895956694974
orig,0.001255938656759212
gen,0.005206880511388609
gen,0.003661068703409666
gen,0.03502742440276677
orig,0.0
orig,0.0
orig,0.0
orig,0.0
orig,0.0012382815264606144
gen,0.03711645119552377
orig,0.00797746179663902
gen,0.033553247362893925
orig,0.008136731046304035
orig,0.0
gen,0.04139230912277341
orig,0.0
gen,0.031089201994761173
gen,0.038530986849488885
orig,0.0
gen,0.0323808797738137
orig,0.0
gen,0.005565936099922808
orig,0.008688195598995205
gen,0.03840917325330721
gen,0.03408008065704584
orig,0.0
orig,0.0
gen,0.007586988820447274
orig,0.0
orig,0.0
gen,0.0
gen,0.036177463833182044
orig,0.0
gen,0.03622647965295619
gen,0.0322222433802338
gen,0.02937640641652757
orig,0.0012803313078591464
orig,0.0
orig,0.007220072550831742
orig,0.0
gen,0.03174347708466326
orig,0.0
orig,0.0
orig,0.0
orig,0.008609780328775763
orig,0.007220072550831742
orig,0.0
orig,0.0
gen,0.035851513048784624
gen,0.005433118560731898
gen,0.0066144597912079495
gen,0.03111896275709761
orig,0.0013874002177501018
gen,0.0407183053205974
orig,0.0013690353020950256
gen,0.0366188186907715
gen,0.0380201829749481
gen,0.027754430194000295
orig,0.0
gen,0.0
gen,0.03888052573452111
orig,0.008999038228115217
orig,0.0
gen,0.030427952398805892
orig,0.0
gen,0.03556415320936314
orig,0.0
gen,0.0303681194961246
orig,0.0013857965632211335
orig,0.0012382815264606144
orig,0.0013999777808391236
gen,0.03141658504238085
gen,0.04185910442620692
gen,0.014841446680812588
gen,0.036241300534333866
gen,0.0283814084661165
gen,0.043458634330828486
orig,0.0
gen,0.01836855744733818
gen,0.02711497469767874
orig,0.001255938656759212
orig,0.0
gen,0.035539757337403596
gen,0.030898377373830787
gen,0.0
orig,0.0
orig,0.008136731046304035
orig,0.0012658720382182384
orig,0.0
gen,0.03256593655820589
gen,0.005044289549482254
gen,0.029679875989209986
orig,0.008982123560173945
orig,0.0
orig,0.0074857122722459864
orig,0.0
gen,0.03444630868674195
orig,0.0013402360303065377
gen,0.03601504887394736
gen,0.0
orig,0.008136731046304035
gen,0.03083723076122333
orig,0.0
gen,0.03839278250728016
orig,0.0013850318509146422
orig,0.0
orig,0.0
gen,0.02920044545758584
gen,0.02743652406102156
gen,0.005729790586852993
orig,0.0012658720382182384
orig,0.0013292675721798552
gen,0.012331647372085348
gen,0.036909796845068434
gen,0.0316546941753775
gen,0.03787663650661213
orig,0.015037119064371201
gen,0.0376697884737432
orig,0.0012817235248334775
gen,0.02920850924656284
gen,0.006092686261142207
orig,0.0012658720382182384
orig,0.00797746179663902
orig,0.00797746179663902
gen,0.03560285218056446
gen,0.03722372131214075
orig,0.0012382815264606144
gen,0.007688724335477925
orig,0.007220072550831742
orig,0.0012817235248334775
gen,0.02850014794679383
gen,0.018828083460600293
orig,0.0012658720382182384
gen,0.02997345544295824
gen,0.028609471082608737
orig,0.0074857122722459864
gen,0.005099800117231279
gen,0.009197069351301743
orig,0.0012817235248334775
orig,0.0012382815264606144
orig,0.008943788015621944
gen,0.03738934367739104
gen,0.03249402444115064
gen,0.03385599915420622
gen,0.0
gen,0.007487188886029565
gen,0.035882711812197245
gen,0.04406056285627125
gen,0.03165569984874345
gen,0.03269083062292253
gen,0.036353736756472944
gen,0.034387925429606156
gen,0.032579744617736724
orig,0.0
orig,0.0
orig,0.008136731046304035
orig,0.0
orig,0.0
orig,0.0
orig,0.001417419452423747
gen,0.03968917323552116
orig,0.00797746179663902
orig,0.008136731046304035
orig,0.0
orig,0.0
orig,0.007220072550831742
gen,0.0
orig,0.0
orig,0.001255938656759212
orig,0.0012658720382182384
orig,0.0
gen,0.03309511565846436
orig,0.008638444175463233
orig,0.0
orig,0.0
orig,0.0
orig,0.0
gen,0.02990785673431156
orig,0.0
gen,0.03240342797992384
orig,0.0051434155708209054
gen,0.04015330626542116
gen,0.03192482423097356
gen,0.03248834919880115
orig,0.0
orig,0.001255938656759212
gen,0.0
gen,0.03251183143533551
gen,0.005194230483454026
orig,0.0
orig,0.007220072550831742
gen,0.006486875729729339
orig,0.0
gen,0.04147521077338366
orig,0.0
orig,0.0
gen,0.036656189893600644
orig,0.007220072550831742
gen,0.011428928305201019
orig,0.008136731046304035
gen,0.03806779800576625
orig,0.0
gen,0.030114511791567454
orig,0.0
orig,0.001255938656759212
orig,0.0012658720382182384
orig,0.0
gen,0.01632078404175989
orig,0.0014089393703971098
gen,0.034978242458204065
gen,0.035268848190925337
gen,0.0011502638871456658
orig,0.0012817235248334775
gen,0.035815340752825366
gen,0.028319646770531507
gen,0.03172790955324323
gen,0.03002054728216181
orig,0.0
orig,0.0012817235248334775
gen,0.02953398995317032
gen,0.03525079537311615
gen,0.01950064856579918
gen,0.025144224959118732
gen,0.040933196924313714
gen,0.03719660833204993
orig,0.008435969970645305
gen,0.0012453167811316904
orig,0.0
gen,0.007860664213051819
gen,0.03810924049711554
orig,0.00995205830534653
orig,0.007220072550831742
gen,0.03540510063395477
gen,0.03337488065674536
gen,0.03480397667958973
gen,0.03199875543035561
gen,0.027899374054189956
gen,0.01131889401654331
gen,0.0023899107626959
gen,0.033438571465158724
orig,0.00797746179663902
orig,0.0
orig,0.0
gen,0.03863306577396254
orig,0.0074857122722459864
gen,0.03349666708284385
gen,0.006561755205649528
gen,0.0
gen,0.0012673792130578083
gen,0.015866253801486728
gen,0.015531100379358698
orig,0.008435969970645305
gen,0.029262465358826303
gen,0.04183617090499009
gen,0.03791663070902999
orig,0.0
orig,0.008136731046304035
gen,0.017136565109242073
gen,0.03628029759491009
gen,0.04156689257410633
gen,0.02857227266711104
orig,0.00877643218851101
gen,0.043315727020531464
gen,0.0
orig,0.008136731046304035
gen,0.027223598887542545
gen,0.042261781420207846
orig,0.0
gen,0.03045407334642021
gen,0.0419299659568895
orig,0.001255938656759212
gen,0.03357565891834624
gen,0.03458374043816544
orig,0.001255938656759212
orig,0.0
gen,0.03693050698332597
orig,0.0
gen,0.013762425771710217
gen,0.0
gen,0.03111584070531339
orig,0.0
gen,0.030740503356808887
gen,0.03901512703245706
orig,0.0014373654128128834
gen,0.0012658720382182384
orig,0.0013576337286982409
gen,0.001244736300897756
gen,0.03930327849842218
gen,0.0013025459105366459
gen,0.02821958643750183
orig,0.0
orig,0.0
orig,0.0
orig,0.0014022441331298587
orig,0.0074857122722459864
orig,0.0
orig,0.0
orig,0.0
orig,0.008873379419876617
gen,0.031067379482591587
orig,0.0
orig,0.00797746179663902
gen,0.015518140230495752
orig,0.0074857122722459864
gen,0.0436182863661756
gen,0.033063175500500405
gen,0.03285176976127023
orig,0.00887758227030427
orig,0.0
gen,0.03559158568446282
gen,0.03914729021887928
orig,0.0
orig,0.0
gen,0.032027651617084374
orig,0.00797746179663902
orig,0.0014494359972620288
orig,0.0
orig,0.0012518057771857554
orig,0.0
orig,0.007220072550831742
orig,0.0012658720382182384
gen,0.030484833098807392
orig,0.0
orig,0.007220072550831742
gen,0.03495156624621504
gen,0.037962851193930364
gen,0.008072174432234942
gen,0.039707945884338965
gen,0.007527294017958682
gen,0.03399312704010481
orig,0.0
orig,0.0
gen,0.027138190199675984
orig,0.0
gen,0.034674034002752686
gen,0.03617916139473829
gen,0.04054210126030993
orig,0.0012817235248334775
gen,0.027424484180094633
orig,0.0
gen,0.033489892281081346
gen,0.027999693932895236
gen,0.0
orig,0.008797248672587535
orig,0.0012658720382182384
orig,0.001378013981801107
orig,0.0
orig,0.0
orig,0.0012817235248334775
gen,0.0
orig,0.0
orig,0.008806909635056185
orig,0.0
gen,0.010234102604684337
orig,0.0012658720382182384
gen,0.021710459178985307
orig,0.0013942546939563114
orig,0.0
gen,0.0
orig,0.001356217756972388
gen,0.03365880050767894
orig,0.0
gen,0.04660160028349069
orig,0.0
orig,0.0074857122722459864
orig,0.0
orig,0.0
gen,0.002341872450415169
gen,0.0013073024198086613
orig,0.008555536778065228
gen,0.005785645560154276
gen,0.03218597513620155
orig,0.0
gen,0.032005615581387405
gen,0.036088341104089684
orig,0.0
gen,0.027776304011798394
gen,0.03042545632427628
gen,0.007688724335477925
orig,0.0074857122722459864
gen,0.007114335658341021
gen,0.030367192355102338
gen,0.0389216798554377
orig,0.0
gen,0.003689609200308813
orig,0.008768447900374668
gen,0.03179943533506032
orig,0.0014044556758476014
orig,0.008138725846725696
gen,0.030371505458255545
gen,0.011710274581680889
gen,0.03211335135430004
gen,0.03610352138097419
gen,0.036509653870245164
gen,0.0
gen,0.04263482584140815
gen,0.031118629273245834
gen,0.03365892424499903
gen,0.03534532832352672
orig,0.0013450082178863608
gen,0.03305704667820981
gen,0.028721060881886203
orig,0.0
orig,0.0
gen,0.0390636280448655
gen,0.008788013524371998
orig,0.0
orig,0.0
orig,0.0
orig,0.008867891523652877
gen,0.0012658720382182384
orig,0.0
orig,0.0
orig,0.0074857122722459864
gen,0.0
orig,0.0014119679754133155
orig,0.0
gen,0.027084608204099952
gen,0.0011929625517363744
gen,0.03252220918614879
gen,0.01286732740053178
orig,0.0
gen,0.033530410267199176
orig,0.0012817235248334775
orig,0.0
gen,0.03156439689306676
gen,0.0
gen,0.04073485481967159
gen,0.0014044799765420635
gen,0.039895090888476356
gen,0.027026673820390826
gen,0.032324221127747105
gen,0.03801312894379995
orig,0.0
gen,0.03691164534013498
orig,0.0012658720382182384
orig,0.0013979188805223054
gen,0.04611615880195351
orig,0.0
gen,0.03676114242407466
gen,0.037377005598043495
gen,0.0
orig,0.0
gen,0.03195655331918112
orig,0.0
gen,0.033451102386323595
gen,0.0
orig,0.0014061250624881531
gen,0.03025084310402698
gen,0.028635118984791423
gen,0.0
gen,0.03393832383679453
orig,0.007220072550831742
gen,0.03179500162949531
orig,0.0012382815264606144
gen,0.0
orig,0.008136731046304035
gen,0.03660312679879468
gen,0.033118872648987885
gen,0.029747369178365596
orig,0.0
orig,0.0
gen,0.04075176092321858
orig,0.0
orig,0.0012658720382182384
orig,0.0
orig,0.00883818302272888
orig,0.0
orig,0.0
gen,0.0
gen,0.021024199102132046
orig,0.0
orig,0.0
gen,0.03531757762077824
orig,0.0013822308757437329
orig,0.0
gen,0.0030544438947600907
orig,0.0
orig,0.0
orig,0.007220072550831742
orig,0.007220072550831742
gen,0.0431186714525013
gen,0.028303009522292876
gen,0.035418591670497226
gen,0.007102392780632348
gen,0.00238122371970999
gen,0.033669472199253425
orig,0.0
orig,0.001255938656759212
orig,0.0
orig,0.0
gen,0.035527125574281
gen,0.011110326238338844
orig,0.008785825863178906
orig,0.0
gen,0.036378139229868135
gen,0.03308621711004433
gen,0.003421793011820293
orig,0.0
gen,0.0284628849452449
gen,0.03775583248958634
gen,0.0012365844991294064
gen,0.0194325591749762
orig,0.0
gen,0.03742276658035957
orig,0.00995205830534653
orig,0.0
orig,0.001417419452423747
orig,0.0012382815264606144
orig,0.0
orig,0.0013664701198538931
orig,0.0
orig,0.0
gen,0.03698660332674089
orig,0.001255938656759212
orig,0.0
orig,0.008401639700694357
gen,0.017345648915269643
gen,0.030190345907832865
gen,0.02355751021414182
orig,0.0
orig,0.0
orig,0.00132332551672625
orig,0.0014292908628746603
orig,0.0012817235248334775
orig,0.001329923742864915
gen,0.033532651248951446
orig,0.008136731046304035
gen,0.028856284200512845
orig,0.0074857122722459864
gen,0.017601136285909307
gen,0.008749580984730346
gen,0.004771960064963052
orig,0.0
gen,0.04428041015550387
orig,0.0013765905764267542
gen,0.028588328444722692
orig,0.0014404528368634005
gen,0.03674632719644177
gen,0.03437302788055807
orig,0.007220072550831742
gen,0.032020760037033864
gen,0.03483363054359192
orig,0.0
orig,0.0
orig,0.008931607186626443
gen,0.010856343487364379
orig,0.0
gen,0.03793596638513655
gen,0.03422356569367865
orig,0.007220072550831742
gen,0.03724814489118887
orig,0.0
gen,0.035434044736662194
orig,0.0
orig,0.007220072550831742
gen,0.03603955736709713
orig,0.0
gen,0.01679789113181965
orig,0.0
orig,0.0
orig,0.0012817235248334775
gen,0.019335577739222294
gen,0.03190982672075335
gen,0.029863758125887638
gen,0.008871899460684587
orig,0.001255938656759212
orig,0.0
gen,0.04053431155074434
gen,0.037408242775594194
orig,0.008638444175463233
gen,0.0
gen,0.005670647637520524
gen,0.037052450856782555
orig,0.008797248672587535
orig,0.0012658720382182384
orig,0.0
orig,0.008555536778065228
gen,0.042103033002316895
gen,0.028809887377650906
orig,0.0
orig,0.0
orig,0.0
gen,0.01922378494016893
orig,0.0
gen,0.03563300904812257
orig,0.0
gen,0.034892332122068194
gen,0.016678355971040244
orig,0.0
orig,0.0
gen,0.03616166296208802
orig,0.00886383025999663
gen,0.03153792105051968
gen,0.03226064224711081
gen,0.014115049730063115
orig,0.0
orig,0.0
orig,0.0
orig,0.0
orig,0.0
orig,0.0
orig,0.001399189364392878
gen,0.03476103373438873
gen,0.005944557651428336
gen,0.03503997734544768
gen,0.03552503023650994
orig,0.009340699247082493
gen,0.0012256898014817016
gen,0.03573412725648091
gen,0.007555721022104484
orig,0.001255938656759212
gen,0.015866253801486728
orig,0.0
gen,0.002399763219297728
gen,0.02599607911637752
gen,0.033719785036306134
orig,0.0
orig,0.001255938656759212
orig,0.008136731046304035
orig,0.0013850318509146422
orig,0.008638444175463233
gen,0.005557188465153495
orig,0.0013909493907115931
orig,0.008458296320759517
gen,0.029423023510365645
orig,0.00797746179663902
gen,0.0
gen,0.035464578023918315
gen,0.037043326989065165
gen,0.031961654032695894
gen,0.017407632498888048
gen,0.007114335658341021
gen,0.005390337759312919
orig,0.0012803313078591464
orig,0.001255938656759212
gen,0.01337678023653913
orig,0.0
orig,0.0
orig,0.0
orig,0.0
orig,0.0014089393703971098
gen,0.0012314374714242986
orig,0.008538446207939542
gen,0.007102392780632348
orig,0.0
gen,0.031664209774122064
gen,0.03663899592669361
gen,0.001213266032494345
orig,0.0
gen,0.039672451184424515
gen,0.00698056597811559
gen,0.036126860748849104
gen,0.03537382307177738
orig,0.001255938656759212
orig,0.007220072550831742
orig,0.0
gen,0.0412536524719668
gen,0.007565095906753343
orig,0.0013880298073923884
orig,0.0074857122722459864
orig,0.0
gen,0.030083525966173696
orig,0.00797746179663902
gen,0.039645316220945956
gen,0.03731608218107454
orig,0.0
orig,0.0
gen,0.03169855498321159
gen,0.03241038668568015
gen,0.0012298870515701937
orig,0.0
gen,0.030237913051850782
orig,0.0
orig,0.0
gen,0.036924919098468865
gen,0.029224030572560854
gen,0.03243817758821861
orig,0.0
gen,0.0012345611882036726
orig,0.0
gen,0.03302267731307538
gen,0.017796031132601486
gen,0.031221717724512363
orig,0.0
orig,0.0089042093612819
orig,0.0
orig,0.0
orig,0.0
orig,0.0012817235248334775
orig,0.0014494359972620288
gen,0.027566577678554593
gen,0.010234102604684337
orig,0.0
orig,0.0
gen,0.03447169905039107
gen,0.035364052838572135
orig,0.0
orig,0.0
orig,0.008493328714969758
orig,0.0013569357037717254
orig,0.0
orig,0.0
orig,0.001399189364392878
gen,0.03745272286180971
orig,0.0
gen,0.016484800999118646
gen,0.037965662833570654
orig,0.0
orig,0.0
gen,0.030747592324746276
gen,0.017429347390635452
gen,0.03219547523719814
orig,0.0
orig,0.008435969970645305
orig,0.0013822308757437329
orig,0.0
orig,0.0
gen,0.017429347390635452
gen,0.007418921642989486
orig,0.0
gen,0.03244764536752922
orig,0.00797746179663902
orig,0.0013753806109062581
gen,0.035159152200348466
orig,0.0
orig,0.0
gen,0.039906273424281755
gen,0.040070074879042
gen,0.01118024689508628
orig,0.00797746179663902
gen,0.010234102604684337
orig,0.0013643052216536443
orig,0.0013737385936678887
orig,0.007220072550831742
orig,0.0
orig,0.0
gen,0.0
orig,0.0014098202719776715
orig,0.0
orig,0.0
gen,0.03833870369914365
orig,0.0
gen,0.02748610407683764
gen,0.04800521166410713
gen,0.0031647450301879676
gen,0.035248906288737406
orig,0.008136731046304035
orig,0.0
gen,0.03870366837153323
gen,0.030654452711714016
orig,0.008797248672587535
gen,0.029259224005995843
gen,0.0065789698905451876
gen,0.029276252986704315
gen,0.021336841649042836
orig,0.0
orig,0.0013948753787612473
orig,0.001380736624379177
gen,0.0013032783551242427
orig,0.0014357471148484322
orig,0.0
gen,0.0012197968808408694
gen,0.003426244342907635
gen,0.027190243435425945
orig,0.00995205830534653
gen,0.0310171556799436
gen,0.024163659360131342
orig,0.0
gen,0.035454914482657134
orig,0.00797746179663902
gen,0.027739586362061752
orig,0.0
gen,0.0013232312073348552
gen,0.02914802177179857
gen,0.039407107798883644
gen,0.04102711478722035
orig,0.007220072550831742
gen,0.034555374630325666
orig,0.0
gen,0.007688724335477925
gen,0.0310083023229059
orig,0.0
gen,0.025197005703352062
gen,0.0
orig,0.0012700564063329411
gen,0.03307042800432159
orig,0.0014357471148484322
orig,0.0013039734281939275
gen,0.027472665096727397
gen,0.03596377948991421
orig,0.0
orig,0.008136731046304035
orig,0.0012817235248334775
orig,0.0
orig,0.0
gen,0.027699583658058163
gen,0.005893631358534869
gen,0.008727623400723163
gen,0.02019178343007384
gen,0.02727874922819166
gen,0.03673954959875517
orig,0.0
orig,0.0
gen,0.03627961714397099
orig,0.0
gen,0.03553539469439951
gen,0.04360972220788224
gen,0.034027366625706
gen,0.01084296467130003
gen,0.03766003227369843
orig,0.0
orig,0.0
orig,0.00876405533030643
orig,0.0012817235248334775
orig,0.001255938656759212
gen,0.0
gen,0.03442257175816318
gen,0.0012074314197193755
gen,0.040907579494690136
gen,0.036891662521616526
gen,0.013830133503455128
gen,0.0012447779958575742
gen,0.03429168894985236
gen,0.0012658720382182384
orig,0.0
gen,0.005818815666870446
gen,0.034184859128117744
gen,0.007527294017958682
orig,0.0012382815264606144
orig,0.0014404528368634005
gen,0.03813524763338836
orig,0.008656216984816462
orig,0.00836645276478386
orig,0.00995205830534653
gen,0.03452260671998226
gen,0.028535025349405486
gen,0.030258922352449445
gen,0.037263422539253334
orig,0.001345708500139322
gen,0.039144415587256544
orig,0.008832912270380019
gen,0.03233011330735191
gen,0.03333457970114968
gen,0.043998582649387476
orig,0.0012382815264606144
orig,0.0
gen,0.04028142980460732
orig,0.0
gen,0.0012923339782900485
gen,0.013958046602507641
orig,0.007220072550831742
gen,0.003595385088434352
orig,0.00797746179663902
orig,0.0
gen,0.03580027531696542
orig,0.0012658720382182384
orig,0.0
gen,0.03992990319650082
orig,0.0013909493907115931
orig,0.0
gen,0.03556339000786798
orig,0.0012658720382182384
gen,0.03508256232730539
gen,0.03401346311875959
gen,0.011522147180136558
orig,0.0
gen,0.00717052038653076
gen,0.016678355971040244
orig,0.0
gen,0.043290845653889916
orig,0.0014052296761349252
gen,0.03842685685708924
gen,0.001188812597701643
orig,0.0
gen,0.0384465095635163
gen,0.0014051144240463643
orig,0.0014119679754133155
orig,0.008493328714969758
gen,0.04400227729388405
gen,0.029918494539564522
orig,0.0
orig,0.00877643218851101
orig,0.0
orig,0.008748445376531879
gen,0.03689646361815928
gen,0.0
orig,0.009852808339708337
gen,0.04270316841545078
orig,0.008493328714969758
orig,0.0
gen,0.033310470265100985
gen,0.042616865461271206
