model,scenario,params,train_s,test_s,acc,precision,recall,f1_weighted
lstm,orig-orig,17185.0,2.4,0.02,100.0,100.0,100.0,100.0
bilstm,orig-orig,34369.0,3.49,0.03,100.0,100.0,100.0,100.0
bilstm_sh,orig-orig,151169.0,22.37,0.21,100.0,100.0,100.0,100.0
bilstm_mh,orig-orig,217089.0,45.72,0.61,100.0,100.0,100.0,100.0
lstm,gen-gen,17185.0,5.09,0.03,100.0,100.0,100.0,100.0
bilstm,gen-gen,34369.0,9.38,0.04,100.0,100.0,100.0,100.0
bilstm_sh,gen-gen,151169.0,29.19,0.39,100.0,100.0,100.0,100.0
bilstm_mh,gen-gen,217089.0,41.46,0.88,100.0,100.0,100.0,100.0
lstm,orig-gen,17185.0,2.42,0.04,82.59,75.69,100.0,81.75
bilstm,orig-gen,34369.0,4.85,0.08,89.05,83.21,100.0,88.81
bilstm_sh,orig-gen,151169.0,30.52,0.39,81.09,74.15,100.0,80.04
bilstm_mh,orig-gen,217089.0,48.58,0.81,91.04,85.83,100.0,90.9
lstm,gen-orig,17185.0,6.17,0.03,100.0,100.0,100.0,100.0
bilstm,gen-orig,34369.0,10.92,0.06,100.0,100.0,100.0,100.0
bilstm_sh,gen-orig,151169.0,40.34,0.19,100.0,100.0,100.0,100.0
bilstm_mh,gen-orig,217089.0,27.12,0.42,100.0,100.0,100.0,100.0
lstm,mixture,17185.0,6.02,0.04,100.0,100.0,100.0,100.0
bilstm,mixture,34369.0,8.08,0.05,100.0,100.0,100.0,100.0
bilstm_sh,mixture,151169.0,27.12,0.42,100.0,100.0,100.0,100.0
bilstm_mh,mixture,217089.0,43.67,0.87,100.0,100.0,100.0,100.0
