model,scenario,fold,params,train_s,test_s,acc,precision,recall,f1_weighted
lstm,orig-orig,0,17185,2.4009070519999796,0.021851983999908953,100.0,100.0,100.0,100.0
bilstm,orig-orig,0,34369,3.4912700849999965,0.027674982999997155,100.0,100.0,100.0,100.0
bilstm_sh,orig-orig,0,151169,22.37475267700006,0.21067440500007706,100.0,100.0,100.0,100.0
bilstm_mh,orig-orig,0,217089,45.7217293299999,0.6085281570000234,100.0,100.0,100.0,100.0
lstm,gen-gen,0,17185,5.088655122999967,0.031480138000006264,100.0,100.0,100.0,100.0
bilstm,gen-gen,0,34369,9.376687023000045,0.038624835000064195,100.0,100.0,100.0,100.0
bilstm_sh,gen-gen,0,151169,29.188777653000102,0.3912822709999091,100.0,100.0,100.0,100.0
bilstm_mh,gen-gen,0,217089,41.45859908599982,0.878907363000053,100.0,100.0,100.0,100.0
lstm,orig-gen,0,17185,2.422024525999859,0.038186955000128364,82.58706467661692,75.69444444444444,100.0,81.74637331421256
bilstm,orig-gen,0,34369,4.854844635000063,0.07537187399998402,89.05472636815921,83.20610687022901,100.0,88.81318715066642
bilstm_sh,orig-gen,0,151169,30.52394680300017,0.39495044099999177,81.09452736318407,74.14965986394559,100.0,80.03736667688952
bilstm_mh,orig-gen,0,217089,48.580373061000046,0.8066524299999855,91.04477611940298,85.8267716535433,100.0,90.90076470821306
lstm,gen-orig,0,17185,6.1669496990000425,0.028865542000175992,100.0,100.0,100.0,100.0
bilstm,gen-orig,0,34369,10.922788358999924,0.06396328899995751,100.0,100.0,100.0,100.0
bilstm_sh,gen-orig,0,151169,40.335858863999874,0.18979946800004655,100.0,100.0,100.0,100.0
bilstm_mh,gen-orig,0,217089,27.12221462299999,0.42080896400011625,100.0,100.0,100.0,100.0
lstm,mixture,0,17185,6.018365998000036,0.03958954400013681,100.0,100.0,100.0,100.0
bilstm,mixture,0,34369,8.084255309000127,0.05212603199993282,100.0,100.0,100.0,100.0
bilstm_sh,mixture,0,151169,27.116457002999823,0.42093750400022145,100.0,100.0,100.0,100.0
bilstm_mh,mixture,0,217089,43.668670710000015,0.8706500739999683,100.0,100.0,100.0,100.0
